-- phpMyAdmin SQL Dump
-- version 4.1.12
-- http://www.phpmyadmin.net
--
-- Servidor: 127.0.0.1
-- Tiempo de generación: 13-10-2014 a las 03:15:34
-- Versión del servidor: 5.6.16
-- Versión de PHP: 5.5.11

SET SQL_MODE = "NO_AUTO_VALUE_ON_ZERO";


/*!40101 SET @OLD_CHARACTER_SET_CLIENT=@@CHARACTER_SET_CLIENT */;
/*!40101 SET @OLD_CHARACTER_SET_RESULTS=@@CHARACTER_SET_RESULTS */;
/*!40101 SET @OLD_COLLATION_CONNECTION=@@COLLATION_CONNECTION */;
/*!40101 SET NAMES utf8 */;

--
-- Base de datos: `proyectojuegobuzio`
--

--
-- Volcado de datos para la tabla `ciudad`
--

INSERT INTO `ciudad` (`codigociudad`, `codigojugador`, `nombre`, `codigoisla`, `nivel`, `capacidadrecurso`, `cantidadhabitantes`, `crecimientodehabitante`, `gradodesatisfacciontotal`, `codigoestado`, `numeroposicionisla`, `activa`, `capital`) VALUES(1, 6, 'Nacion del Fuego', 50, 20, 2000, 1000, 0, 0, 1, 1, 1, 1);
INSERT INTO `ciudad` (`codigociudad`, `codigojugador`, `nombre`, `codigoisla`, `nivel`, `capacidadrecurso`, `cantidadhabitantes`, `crecimientodehabitante`, `gradodesatisfacciontotal`, `codigoestado`, `numeroposicionisla`, `activa`, `capital`) VALUES(2, 6, 'Ba Sing Se', 51, 19, 2000, 1000, 0, 0, 1, 1, 1, 0);
INSERT INTO `ciudad` (`codigociudad`, `codigojugador`, `nombre`, `codigoisla`, `nivel`, `capacidadrecurso`, `cantidadhabitantes`, `crecimientodehabitante`, `gradodesatisfacciontotal`, `codigoestado`, `numeroposicionisla`, `activa`, `capital`) VALUES(3, 6, 'Isla Kioshy', 52, 18, 2000, 1000, 0, 0, 1, 1, 1, 0);
INSERT INTO `ciudad` (`codigociudad`, `codigojugador`, `nombre`, `codigoisla`, `nivel`, `capacidadrecurso`, `cantidadhabitantes`, `crecimientodehabitante`, `gradodesatisfacciontotal`, `codigoestado`, `numeroposicionisla`, `activa`, `capital`) VALUES(4, 6, 'Isla de Roku', 53, 17, 2000, 1000, 0, 0, 1, 1, 1, 0);
INSERT INTO `ciudad` (`codigociudad`, `codigojugador`, `nombre`, `codigoisla`, `nivel`, `capacidadrecurso`, `cantidadhabitantes`, `crecimientodehabitante`, `gradodesatisfacciontotal`, `codigoestado`, `numeroposicionisla`, `activa`, `capital`) VALUES(5, 6, 'Nomadas Aire', 54, 16, 2000, 1000, 0, 0, 1, 1, 1, 0);
INSERT INTO `ciudad` (`codigociudad`, `codigojugador`, `nombre`, `codigoisla`, `nivel`, `capacidadrecurso`, `cantidadhabitantes`, `crecimientodehabitante`, `gradodesatisfacciontotal`, `codigoestado`, `numeroposicionisla`, `activa`, `capital`) VALUES(6, 6, 'Omashu', 55, 15, 2000, 1000, 0, 0, 1, 1, 1, 0);
INSERT INTO `ciudad` (`codigociudad`, `codigojugador`, `nombre`, `codigoisla`, `nivel`, `capacidadrecurso`, `cantidadhabitantes`, `crecimientodehabitante`, `gradodesatisfacciontotal`, `codigoestado`, `numeroposicionisla`, `activa`, `capital`) VALUES(7, 6, 'Polo Sur', 56, 14, 2000, 1000, 0, 0, 1, 1, 1, 0);
INSERT INTO `ciudad` (`codigociudad`, `codigojugador`, `nombre`, `codigoisla`, `nivel`, `capacidadrecurso`, `cantidadhabitantes`, `crecimientodehabitante`, `gradodesatisfacciontotal`, `codigoestado`, `numeroposicionisla`, `activa`, `capital`) VALUES(8, 6, 'Polo Norte', 57, 13, 2000, 1000, 0, 0, 1, 1, 1, 0);
INSERT INTO `ciudad` (`codigociudad`, `codigojugador`, `nombre`, `codigoisla`, `nivel`, `capacidadrecurso`, `cantidadhabitantes`, `crecimientodehabitante`, `gradodesatisfacciontotal`, `codigoestado`, `numeroposicionisla`, `activa`, `capital`) VALUES(9, 7, 'Imperio Cesar I', 58, 12, 2000, 1000, 0, 0, 1, 1, 1, 1);
INSERT INTO `ciudad` (`codigociudad`, `codigojugador`, `nombre`, `codigoisla`, `nivel`, `capacidadrecurso`, `cantidadhabitantes`, `crecimientodehabitante`, `gradodesatisfacciontotal`, `codigoestado`, `numeroposicionisla`, `activa`, `capital`) VALUES(10, 7, 'Imperio Cesar II', 50, 11, 2000, 1000, 0, 0, 1, 2, 1, 0);
INSERT INTO `ciudad` (`codigociudad`, `codigojugador`, `nombre`, `codigoisla`, `nivel`, `capacidadrecurso`, `cantidadhabitantes`, `crecimientodehabitante`, `gradodesatisfacciontotal`, `codigoestado`, `numeroposicionisla`, `activa`, `capital`) VALUES(11, 7, 'Imperio Cesar III', 51, 10, 2000, 1000, 0, 0, 1, 2, 1, 0);
INSERT INTO `ciudad` (`codigociudad`, `codigojugador`, `nombre`, `codigoisla`, `nivel`, `capacidadrecurso`, `cantidadhabitantes`, `crecimientodehabitante`, `gradodesatisfacciontotal`, `codigoestado`, `numeroposicionisla`, `activa`, `capital`) VALUES(12, 7, 'Imperio Cesar IV', 52, 9, 2000, 1000, 0, 0, 1, 2, 1, 0);
INSERT INTO `ciudad` (`codigociudad`, `codigojugador`, `nombre`, `codigoisla`, `nivel`, `capacidadrecurso`, `cantidadhabitantes`, `crecimientodehabitante`, `gradodesatisfacciontotal`, `codigoestado`, `numeroposicionisla`, `activa`, `capital`) VALUES(13, 7, 'Imperio Cesar V', 53, 8, 2000, 1000, 0, 0, 1, 2, 1, 0);
INSERT INTO `ciudad` (`codigociudad`, `codigojugador`, `nombre`, `codigoisla`, `nivel`, `capacidadrecurso`, `cantidadhabitantes`, `crecimientodehabitante`, `gradodesatisfacciontotal`, `codigoestado`, `numeroposicionisla`, `activa`, `capital`) VALUES(14, 7, 'Imperio Cesar VI', 54, 7, 2000, 1000, 0, 0, 1, 2, 1, 0);
INSERT INTO `ciudad` (`codigociudad`, `codigojugador`, `nombre`, `codigoisla`, `nivel`, `capacidadrecurso`, `cantidadhabitantes`, `crecimientodehabitante`, `gradodesatisfacciontotal`, `codigoestado`, `numeroposicionisla`, `activa`, `capital`) VALUES(15, 8, 'Grecia I', 55, 6, 2000, 1000, 0, 0, 1, 2, 1, 1);
INSERT INTO `ciudad` (`codigociudad`, `codigojugador`, `nombre`, `codigoisla`, `nivel`, `capacidadrecurso`, `cantidadhabitantes`, `crecimientodehabitante`, `gradodesatisfacciontotal`, `codigoestado`, `numeroposicionisla`, `activa`, `capital`) VALUES(16, 8, 'Grecia II', 56, 5, 2000, 1000, 0, 0, 1, 2, 1, 0);
INSERT INTO `ciudad` (`codigociudad`, `codigojugador`, `nombre`, `codigoisla`, `nivel`, `capacidadrecurso`, `cantidadhabitantes`, `crecimientodehabitante`, `gradodesatisfacciontotal`, `codigoestado`, `numeroposicionisla`, `activa`, `capital`) VALUES(17, 8, 'Grecia III', 57, 4, 2000, 1000, 0, 0, 1, 2, 1, 0);
INSERT INTO `ciudad` (`codigociudad`, `codigojugador`, `nombre`, `codigoisla`, `nivel`, `capacidadrecurso`, `cantidadhabitantes`, `crecimientodehabitante`, `gradodesatisfacciontotal`, `codigoestado`, `numeroposicionisla`, `activa`, `capital`) VALUES(18, 8, 'Grecia IV', 58, 3, 2000, 1000, 0, 0, 1, 2, 1, 0);
INSERT INTO `ciudad` (`codigociudad`, `codigojugador`, `nombre`, `codigoisla`, `nivel`, `capacidadrecurso`, `cantidadhabitantes`, `crecimientodehabitante`, `gradodesatisfacciontotal`, `codigoestado`, `numeroposicionisla`, `activa`, `capital`) VALUES(19, 9, 'Lukario I', 54, 6, 2000, 1000, 0, 0, 1, 3, 1, 1);
INSERT INTO `ciudad` (`codigociudad`, `codigojugador`, `nombre`, `codigoisla`, `nivel`, `capacidadrecurso`, `cantidadhabitantes`, `crecimientodehabitante`, `gradodesatisfacciontotal`, `codigoestado`, `numeroposicionisla`, `activa`, `capital`) VALUES(20, 9, 'Lukario II', 55, 7, 2000, 1000, 0, 0, 1, 4, 1, 0);
INSERT INTO `ciudad` (`codigociudad`, `codigojugador`, `nombre`, `codigoisla`, `nivel`, `capacidadrecurso`, `cantidadhabitantes`, `crecimientodehabitante`, `gradodesatisfacciontotal`, `codigoestado`, `numeroposicionisla`, `activa`, `capital`) VALUES(21, 9, 'Lukario III', 56, 6, 2000, 1000, 0, 0, 1, 5, 1, 0);
INSERT INTO `ciudad` (`codigociudad`, `codigojugador`, `nombre`, `codigoisla`, `nivel`, `capacidadrecurso`, `cantidadhabitantes`, `crecimientodehabitante`, `gradodesatisfacciontotal`, `codigoestado`, `numeroposicionisla`, `activa`, `capital`) VALUES(22, 10, 'Atenas I', 57, 5, 2000, 1000, 0, 0, 1, 6, 1, 1);
INSERT INTO `ciudad` (`codigociudad`, `codigojugador`, `nombre`, `codigoisla`, `nivel`, `capacidadrecurso`, `cantidadhabitantes`, `crecimientodehabitante`, `gradodesatisfacciontotal`, `codigoestado`, `numeroposicionisla`, `activa`, `capital`) VALUES(23, 10, 'Atenas II', 58, 4, 2000, 1000, 0, 0, 1, 7, 1, 0);
INSERT INTO `ciudad` (`codigociudad`, `codigojugador`, `nombre`, `codigoisla`, `nivel`, `capacidadrecurso`, `cantidadhabitantes`, `crecimientodehabitante`, `gradodesatisfacciontotal`, `codigoestado`, `numeroposicionisla`, `activa`, `capital`) VALUES(24, 10, 'Atenas III', 58, 3, 2000, 1000, 0, 0, 1, 8, 1, 0);

--
-- Volcado de datos para la tabla `edificio`
--

INSERT INTO `edificio` (`codigoedificio`, `nombre`, `codigoimagen`, `costo`, `descripcion`) VALUES(1, 'Taberna', NULL, 50, 'Después de un día de arduo trabajo no hay nada más reconfortante que un fresco jarro lleno de Vino. Es por eso que los Ciudadanos se reúnen en la Taberna. Cuando cae la noche y ya no quedan más canciones por cantar emprenden la vuelta serenos y alegres a sus hogares. Cada ampliación en tu Taberna te permite servir más Vino y, así, aumentar la Satisfacción.');
INSERT INTO `edificio` (`codigoedificio`, `nombre`, `codigoimagen`, `costo`, `descripcion`) VALUES(2, 'Academia', NULL, 100, 'La Academia en Ikariam es la meca de la sabiduría, donde el conocimiento arraigado en la tradición se funde con las más modernas técnicas. ¡Las mentes más inteligentes de tu ciudad esperan ser aceptadas! Ten en consideración que cada investigador necesita un laboratorio, lo cual genera gastos.');
INSERT INTO `edificio` (`codigoedificio`, `nombre`, `codigoimagen`, `costo`, `descripcion`) VALUES(3, 'Almacen', NULL, 20, 'El Almacén en Ikariam te permite almacenar mayores cantidades de Recursos. Cada nivel de ampliación puede contener 32,000 unidades de cada tipo de Recurso. No obstante, el Almacén no está protegido contra Saqueos. Para construir el Almacén, es necesario haber completado la Investigación de Almacén ');
INSERT INTO `edificio` (`codigoedificio`, `nombre`, `codigoimagen`, `costo`, `descripcion`) VALUES(4, 'Astillero de Guerra', NULL, 150, '¿Que sería de un imperio situado en una isla sin su flota? ¡En el astillero de guerra se construyen y reparan las más poderosas naves de guerra que surcarán los 7 mares estremeciendo sus alrededores! Astilleros de Guerra más grandes permiten construir más rápido los barcos.Es necesario investigar Carenero.');
INSERT INTO `edificio` (`codigoedificio`, `nombre`, `codigoimagen`, `costo`, `descripcion`) VALUES(5, 'Cuartel', NULL, 120, 'En el Cuartel de Ikariam, los jóvenes más impetuosos son adiestrados como audaces guerreros. Tus soldados dominan el arte de la espada, la lanza y la catapulta. Además saben maniobrar las más poderosas máquinas de guerra en el campo de Batalla. Si amplias el Cuartel, el tiempo necesario para instruir a tus soldados disminuirá.');
INSERT INTO `edificio` (`codigoedificio`, `nombre`, `codigoimagen`, `costo`, `descripcion`) VALUES(6, 'Deposito', NULL, 50, 'El Depósito en Ikariam te permite almacenar Recursos en tu ciudad aunque solo una parte de tus suministros se protegen allí. Son protegidos de infames saqueos, como también de las tormentas, pájaros y parásitos.');
INSERT INTO `edificio` (`codigoedificio`, `nombre`, `codigoimagen`, `costo`, `descripcion`) VALUES(7, 'Embajada', NULL, 70, 'La Embajada de Ikariam es un sitio dinámico: Diplomáticos de todo el mundo pactan aquí tratados y forjan Alianzas. Para que tu Alianza crezca, debes ampliar tu Embajada. Por cada ampliación aumentan tus puntos de diplomacia. A partir del 3° nivel puedes fundar una Alianza');
INSERT INTO `edificio` (`codigoedificio`, `nombre`, `codigoimagen`, `costo`, `descripcion`) VALUES(8, 'Intendencia', NULL, 175, 'En el corazón de la ciudad se halla la Intendencia de Ikariam. Con ella crece y se desarrolla la ciudad, sus idóneos funcionarios brindan a todo momento información actualizada acerca de los habitantes locales.');
INSERT INTO `edificio` (`codigoedificio`, `nombre`, `codigoimagen`, `costo`, `descripcion`) VALUES(9, 'Mercado', NULL, 50, 'Mercaderes y comerciantes hacen sus negocios en la Tienda. Allí se cierra siempre alguna que otra transacción o se encuentran ofertas, buenas oportunidades. ¡Mercaderes de tierras lejanas dirigen afamadas y colosales Tiendas!Cada dos ampliaciones se extiende el radio de búsqueda de tu Tienda.En la Tienda puedes comprar y vender los Recursos que necesites, con el Oro como moneda de cambio, con otros jugadores cercanos. ');
INSERT INTO `edificio` (`codigoedificio`, `nombre`, `codigoimagen`, `costo`, `descripcion`) VALUES(10, 'Palacio', NULL, 350, 'Desde el Palacio de Ikariam puedes conducir el destino de tu imperio. Así mismo te ofrece una vista maravillosa hacia el mar. Cada ampliación realizada en el Palacio de tu Capital, te permite fundar una nueva colonia. ');
INSERT INTO `edificio` (`codigoedificio`, `nombre`, `codigoimagen`, `costo`, `descripcion`) VALUES(11, 'Puerto', NULL, 100, 'El puerto, lugar de origen con rumbo hacia el mundo. Aquí puedes reclutar Barcos Mercantes y prepararlos para viajes a lugares lejanos. Asimismo puedes recibir bienes preciosos de todo el mundo. En Puertos más grandes, los barcos son cargados más rápido.');
INSERT INTO `edificio` (`codigoedificio`, `nombre`, `codigoimagen`, `costo`, `descripcion`) VALUES(12, 'Residencia del Gobernador', NULL, 350, 'Un gobernador en tu colonia garantiza que todos los asuntos administrativos diarios estén al día. Además, reduce el nivel de Corrupción en tu colonia. La Residencia del Gobernador puede ser ampliada a Palacio por si quieres trasladar tu Capital.');

--
-- Volcado de datos para la tabla `edificionivel`
--

INSERT INTO `edificionivel` (`codigoedifnivel`, `codigoedificio`, `nivel`) VALUES(1, 1, 0);
INSERT INTO `edificionivel` (`codigoedifnivel`, `codigoedificio`, `nivel`) VALUES(11, 1, 1);
INSERT INTO `edificionivel` (`codigoedifnivel`, `codigoedificio`, `nivel`) VALUES(12, 1, 2);
INSERT INTO `edificionivel` (`codigoedifnivel`, `codigoedificio`, `nivel`) VALUES(13, 1, 3);
INSERT INTO `edificionivel` (`codigoedifnivel`, `codigoedificio`, `nivel`) VALUES(14, 1, 4);
INSERT INTO `edificionivel` (`codigoedifnivel`, `codigoedificio`, `nivel`) VALUES(15, 1, 5);
INSERT INTO `edificionivel` (`codigoedifnivel`, `codigoedificio`, `nivel`) VALUES(16, 2, 1);
INSERT INTO `edificionivel` (`codigoedifnivel`, `codigoedificio`, `nivel`) VALUES(17, 2, 2);
INSERT INTO `edificionivel` (`codigoedifnivel`, `codigoedificio`, `nivel`) VALUES(18, 2, 3);
INSERT INTO `edificionivel` (`codigoedifnivel`, `codigoedificio`, `nivel`) VALUES(19, 2, 4);
INSERT INTO `edificionivel` (`codigoedifnivel`, `codigoedificio`, `nivel`) VALUES(20, 2, 5);
INSERT INTO `edificionivel` (`codigoedifnivel`, `codigoedificio`, `nivel`) VALUES(21, 3, 1);
INSERT INTO `edificionivel` (`codigoedifnivel`, `codigoedificio`, `nivel`) VALUES(22, 3, 2);
INSERT INTO `edificionivel` (`codigoedifnivel`, `codigoedificio`, `nivel`) VALUES(23, 3, 3);
INSERT INTO `edificionivel` (`codigoedifnivel`, `codigoedificio`, `nivel`) VALUES(24, 3, 4);
INSERT INTO `edificionivel` (`codigoedifnivel`, `codigoedificio`, `nivel`) VALUES(25, 3, 5);
INSERT INTO `edificionivel` (`codigoedifnivel`, `codigoedificio`, `nivel`) VALUES(26, 4, 1);
INSERT INTO `edificionivel` (`codigoedifnivel`, `codigoedificio`, `nivel`) VALUES(27, 4, 2);
INSERT INTO `edificionivel` (`codigoedifnivel`, `codigoedificio`, `nivel`) VALUES(28, 4, 3);
INSERT INTO `edificionivel` (`codigoedifnivel`, `codigoedificio`, `nivel`) VALUES(29, 4, 4);
INSERT INTO `edificionivel` (`codigoedifnivel`, `codigoedificio`, `nivel`) VALUES(30, 4, 5);
INSERT INTO `edificionivel` (`codigoedifnivel`, `codigoedificio`, `nivel`) VALUES(31, 5, 1);
INSERT INTO `edificionivel` (`codigoedifnivel`, `codigoedificio`, `nivel`) VALUES(32, 5, 2);
INSERT INTO `edificionivel` (`codigoedifnivel`, `codigoedificio`, `nivel`) VALUES(33, 5, 3);
INSERT INTO `edificionivel` (`codigoedifnivel`, `codigoedificio`, `nivel`) VALUES(34, 5, 4);
INSERT INTO `edificionivel` (`codigoedifnivel`, `codigoedificio`, `nivel`) VALUES(35, 5, 5);
INSERT INTO `edificionivel` (`codigoedifnivel`, `codigoedificio`, `nivel`) VALUES(36, 6, 1);
INSERT INTO `edificionivel` (`codigoedifnivel`, `codigoedificio`, `nivel`) VALUES(37, 6, 2);
INSERT INTO `edificionivel` (`codigoedifnivel`, `codigoedificio`, `nivel`) VALUES(38, 6, 3);
INSERT INTO `edificionivel` (`codigoedifnivel`, `codigoedificio`, `nivel`) VALUES(39, 6, 4);
INSERT INTO `edificionivel` (`codigoedifnivel`, `codigoedificio`, `nivel`) VALUES(40, 6, 5);
INSERT INTO `edificionivel` (`codigoedifnivel`, `codigoedificio`, `nivel`) VALUES(41, 7, 1);
INSERT INTO `edificionivel` (`codigoedifnivel`, `codigoedificio`, `nivel`) VALUES(42, 7, 2);
INSERT INTO `edificionivel` (`codigoedifnivel`, `codigoedificio`, `nivel`) VALUES(43, 7, 3);
INSERT INTO `edificionivel` (`codigoedifnivel`, `codigoedificio`, `nivel`) VALUES(44, 7, 4);
INSERT INTO `edificionivel` (`codigoedifnivel`, `codigoedificio`, `nivel`) VALUES(45, 7, 5);
INSERT INTO `edificionivel` (`codigoedifnivel`, `codigoedificio`, `nivel`) VALUES(46, 8, 1);
INSERT INTO `edificionivel` (`codigoedifnivel`, `codigoedificio`, `nivel`) VALUES(47, 8, 2);
INSERT INTO `edificionivel` (`codigoedifnivel`, `codigoedificio`, `nivel`) VALUES(48, 8, 3);
INSERT INTO `edificionivel` (`codigoedifnivel`, `codigoedificio`, `nivel`) VALUES(49, 8, 4);
INSERT INTO `edificionivel` (`codigoedifnivel`, `codigoedificio`, `nivel`) VALUES(50, 8, 5);
INSERT INTO `edificionivel` (`codigoedifnivel`, `codigoedificio`, `nivel`) VALUES(51, 9, 1);
INSERT INTO `edificionivel` (`codigoedifnivel`, `codigoedificio`, `nivel`) VALUES(52, 9, 2);
INSERT INTO `edificionivel` (`codigoedifnivel`, `codigoedificio`, `nivel`) VALUES(53, 9, 3);
INSERT INTO `edificionivel` (`codigoedifnivel`, `codigoedificio`, `nivel`) VALUES(54, 9, 4);
INSERT INTO `edificionivel` (`codigoedifnivel`, `codigoedificio`, `nivel`) VALUES(55, 9, 5);
INSERT INTO `edificionivel` (`codigoedifnivel`, `codigoedificio`, `nivel`) VALUES(56, 10, 1);
INSERT INTO `edificionivel` (`codigoedifnivel`, `codigoedificio`, `nivel`) VALUES(57, 10, 2);
INSERT INTO `edificionivel` (`codigoedifnivel`, `codigoedificio`, `nivel`) VALUES(58, 10, 3);
INSERT INTO `edificionivel` (`codigoedifnivel`, `codigoedificio`, `nivel`) VALUES(59, 10, 4);
INSERT INTO `edificionivel` (`codigoedifnivel`, `codigoedificio`, `nivel`) VALUES(60, 10, 5);
INSERT INTO `edificionivel` (`codigoedifnivel`, `codigoedificio`, `nivel`) VALUES(61, 11, 1);
INSERT INTO `edificionivel` (`codigoedifnivel`, `codigoedificio`, `nivel`) VALUES(62, 11, 2);
INSERT INTO `edificionivel` (`codigoedifnivel`, `codigoedificio`, `nivel`) VALUES(63, 11, 3);
INSERT INTO `edificionivel` (`codigoedifnivel`, `codigoedificio`, `nivel`) VALUES(64, 11, 4);
INSERT INTO `edificionivel` (`codigoedifnivel`, `codigoedificio`, `nivel`) VALUES(65, 11, 5);
INSERT INTO `edificionivel` (`codigoedifnivel`, `codigoedificio`, `nivel`) VALUES(66, 12, 1);
INSERT INTO `edificionivel` (`codigoedifnivel`, `codigoedificio`, `nivel`) VALUES(67, 12, 2);
INSERT INTO `edificionivel` (`codigoedifnivel`, `codigoedificio`, `nivel`) VALUES(68, 12, 3);
INSERT INTO `edificionivel` (`codigoedifnivel`, `codigoedificio`, `nivel`) VALUES(69, 12, 4);
INSERT INTO `edificionivel` (`codigoedifnivel`, `codigoedificio`, `nivel`) VALUES(70, 12, 5);

--
-- Volcado de datos para la tabla `edificiorecurso`
--

INSERT INTO `edificiorecurso` (`codigoedifnivel`, `codigorecurso`, `cantidadrecurso`) VALUES(11, 6, 101);
INSERT INTO `edificiorecurso` (`codigoedifnivel`, `codigorecurso`, `cantidadrecurso`) VALUES(12, 6, 222);
INSERT INTO `edificiorecurso` (`codigoedifnivel`, `codigorecurso`, `cantidadrecurso`) VALUES(13, 6, 367);
INSERT INTO `edificiorecurso` (`codigoedifnivel`, `codigorecurso`, `cantidadrecurso`) VALUES(14, 6, 541);
INSERT INTO `edificiorecurso` (`codigoedifnivel`, `codigorecurso`, `cantidadrecurso`) VALUES(14, 15, 94);
INSERT INTO `edificiorecurso` (`codigoedifnivel`, `codigorecurso`, `cantidadrecurso`) VALUES(15, 6, 750);
INSERT INTO `edificiorecurso` (`codigoedifnivel`, `codigorecurso`, `cantidadrecurso`) VALUES(15, 15, 122);
INSERT INTO `edificiorecurso` (`codigoedifnivel`, `codigorecurso`, `cantidadrecurso`) VALUES(16, 6, 64);
INSERT INTO `edificiorecurso` (`codigoedifnivel`, `codigorecurso`, `cantidadrecurso`) VALUES(17, 6, 68);
INSERT INTO `edificiorecurso` (`codigoedifnivel`, `codigorecurso`, `cantidadrecurso`) VALUES(18, 6, 115);
INSERT INTO `edificiorecurso` (`codigoedifnivel`, `codigorecurso`, `cantidadrecurso`) VALUES(19, 6, 263);
INSERT INTO `edificiorecurso` (`codigoedifnivel`, `codigorecurso`, `cantidadrecurso`) VALUES(20, 6, 382);
INSERT INTO `edificiorecurso` (`codigoedifnivel`, `codigorecurso`, `cantidadrecurso`) VALUES(20, 9, 225);
INSERT INTO `edificiorecurso` (`codigoedifnivel`, `codigorecurso`, `cantidadrecurso`) VALUES(21, 6, 640);
INSERT INTO `edificiorecurso` (`codigoedifnivel`, `codigorecurso`, `cantidadrecurso`) VALUES(21, 9, 384);
INSERT INTO `edificiorecurso` (`codigoedifnivel`, `codigorecurso`, `cantidadrecurso`) VALUES(21, 12, 701);
INSERT INTO `edificiorecurso` (`codigoedifnivel`, `codigorecurso`, `cantidadrecurso`) VALUES(21, 15, 497);
INSERT INTO `edificiorecurso` (`codigoedifnivel`, `codigorecurso`, `cantidadrecurso`) VALUES(22, 6, 1152);
INSERT INTO `edificiorecurso` (`codigoedifnivel`, `codigorecurso`, `cantidadrecurso`) VALUES(22, 9, 845);
INSERT INTO `edificiorecurso` (`codigoedifnivel`, `codigorecurso`, `cantidadrecurso`) VALUES(22, 12, 1146);
INSERT INTO `edificiorecurso` (`codigoedifnivel`, `codigorecurso`, `cantidadrecurso`) VALUES(22, 15, 932);
INSERT INTO `edificiorecurso` (`codigoedifnivel`, `codigorecurso`, `cantidadrecurso`) VALUES(23, 6, 1766);
INSERT INTO `edificiorecurso` (`codigoedifnivel`, `codigorecurso`, `cantidadrecurso`) VALUES(23, 9, 1398);
INSERT INTO `edificiorecurso` (`codigoedifnivel`, `codigorecurso`, `cantidadrecurso`) VALUES(23, 12, 1668);
INSERT INTO `edificiorecurso` (`codigoedifnivel`, `codigorecurso`, `cantidadrecurso`) VALUES(23, 15, 1445);
INSERT INTO `edificiorecurso` (`codigoedifnivel`, `codigorecurso`, `cantidadrecurso`) VALUES(24, 6, 2504);
INSERT INTO `edificiorecurso` (`codigoedifnivel`, `codigorecurso`, `cantidadrecurso`) VALUES(24, 9, 2061);
INSERT INTO `edificiorecurso` (`codigoedifnivel`, `codigorecurso`, `cantidadrecurso`) VALUES(24, 12, 2278);
INSERT INTO `edificiorecurso` (`codigoedifnivel`, `codigorecurso`, `cantidadrecurso`) VALUES(24, 15, 2051);
INSERT INTO `edificiorecurso` (`codigoedifnivel`, `codigorecurso`, `cantidadrecurso`) VALUES(25, 6, 3388);
INSERT INTO `edificiorecurso` (`codigoedifnivel`, `codigorecurso`, `cantidadrecurso`) VALUES(25, 9, 2858);
INSERT INTO `edificiorecurso` (`codigoedifnivel`, `codigorecurso`, `cantidadrecurso`) VALUES(25, 12, 2991);
INSERT INTO `edificiorecurso` (`codigoedifnivel`, `codigorecurso`, `cantidadrecurso`) VALUES(25, 15, 2762);
INSERT INTO `edificiorecurso` (`codigoedifnivel`, `codigorecurso`, `cantidadrecurso`) VALUES(26, 6, 105);
INSERT INTO `edificiorecurso` (`codigoedifnivel`, `codigorecurso`, `cantidadrecurso`) VALUES(27, 6, 202);
INSERT INTO `edificiorecurso` (`codigoedifnivel`, `codigorecurso`, `cantidadrecurso`) VALUES(28, 6, 324);
INSERT INTO `edificiorecurso` (`codigoedifnivel`, `codigorecurso`, `cantidadrecurso`) VALUES(29, 6, 477);
INSERT INTO `edificiorecurso` (`codigoedifnivel`, `codigorecurso`, `cantidadrecurso`) VALUES(30, 6, 671);
INSERT INTO `edificiorecurso` (`codigoedifnivel`, `codigorecurso`, `cantidadrecurso`) VALUES(31, 6, 49);
INSERT INTO `edificiorecurso` (`codigoedifnivel`, `codigorecurso`, `cantidadrecurso`) VALUES(32, 6, 114);
INSERT INTO `edificiorecurso` (`codigoedifnivel`, `codigorecurso`, `cantidadrecurso`) VALUES(33, 6, 195);
INSERT INTO `edificiorecurso` (`codigoedifnivel`, `codigorecurso`, `cantidadrecurso`) VALUES(34, 6, 296);
INSERT INTO `edificiorecurso` (`codigoedifnivel`, `codigorecurso`, `cantidadrecurso`) VALUES(35, 6, 420);
INSERT INTO `edificiorecurso` (`codigoedifnivel`, `codigorecurso`, `cantidadrecurso`) VALUES(36, 6, 160);
INSERT INTO `edificiorecurso` (`codigoedifnivel`, `codigorecurso`, `cantidadrecurso`) VALUES(37, 6, 288);
INSERT INTO `edificiorecurso` (`codigoedifnivel`, `codigorecurso`, `cantidadrecurso`) VALUES(38, 6, 442);
INSERT INTO `edificiorecurso` (`codigoedifnivel`, `codigorecurso`, `cantidadrecurso`) VALUES(39, 6, 626);
INSERT INTO `edificiorecurso` (`codigoedifnivel`, `codigorecurso`, `cantidadrecurso`) VALUES(39, 15, 96);
INSERT INTO `edificiorecurso` (`codigoedifnivel`, `codigorecurso`, `cantidadrecurso`) VALUES(40, 6, 847);
INSERT INTO `edificiorecurso` (`codigoedifnivel`, `codigorecurso`, `cantidadrecurso`) VALUES(40, 15, 211);
INSERT INTO `edificiorecurso` (`codigoedifnivel`, `codigorecurso`, `cantidadrecurso`) VALUES(41, 6, 242);
INSERT INTO `edificiorecurso` (`codigoedifnivel`, `codigorecurso`, `cantidadrecurso`) VALUES(41, 15, 155);
INSERT INTO `edificiorecurso` (`codigoedifnivel`, `codigorecurso`, `cantidadrecurso`) VALUES(42, 6, 415);
INSERT INTO `edificiorecurso` (`codigoedifnivel`, `codigorecurso`, `cantidadrecurso`) VALUES(42, 15, 342);
INSERT INTO `edificiorecurso` (`codigoedifnivel`, `codigorecurso`, `cantidadrecurso`) VALUES(43, 6, 623);
INSERT INTO `edificiorecurso` (`codigoedifnivel`, `codigorecurso`, `cantidadrecurso`) VALUES(43, 15, 571);
INSERT INTO `edificiorecurso` (`codigoedifnivel`, `codigorecurso`, `cantidadrecurso`) VALUES(44, 6, 873);
INSERT INTO `edificiorecurso` (`codigoedifnivel`, `codigorecurso`, `cantidadrecurso`) VALUES(44, 15, 850);
INSERT INTO `edificiorecurso` (`codigoedifnivel`, `codigorecurso`, `cantidadrecurso`) VALUES(45, 6, 1173);
INSERT INTO `edificiorecurso` (`codigoedifnivel`, `codigorecurso`, `cantidadrecurso`) VALUES(45, 15, 1190);
INSERT INTO `edificiorecurso` (`codigoedifnivel`, `codigorecurso`, `cantidadrecurso`) VALUES(47, 6, 158);
INSERT INTO `edificiorecurso` (`codigoedifnivel`, `codigorecurso`, `cantidadrecurso`) VALUES(48, 6, 335);
INSERT INTO `edificiorecurso` (`codigoedifnivel`, `codigorecurso`, `cantidadrecurso`) VALUES(49, 6, 623);
INSERT INTO `edificiorecurso` (`codigoedifnivel`, `codigorecurso`, `cantidadrecurso`) VALUES(50, 6, 923);
INSERT INTO `edificiorecurso` (`codigoedifnivel`, `codigorecurso`, `cantidadrecurso`) VALUES(50, 15, 285);
INSERT INTO `edificiorecurso` (`codigoedifnivel`, `codigorecurso`, `cantidadrecurso`) VALUES(51, 6, 48);
INSERT INTO `edificiorecurso` (`codigoedifnivel`, `codigorecurso`, `cantidadrecurso`) VALUES(52, 6, 173);
INSERT INTO `edificiorecurso` (`codigoedifnivel`, `codigorecurso`, `cantidadrecurso`) VALUES(53, 6, 346);
INSERT INTO `edificiorecurso` (`codigoedifnivel`, `codigorecurso`, `cantidadrecurso`) VALUES(54, 6, 581);
INSERT INTO `edificiorecurso` (`codigoedifnivel`, `codigorecurso`, `cantidadrecurso`) VALUES(55, 6, 896);
INSERT INTO `edificiorecurso` (`codigoedifnivel`, `codigorecurso`, `cantidadrecurso`) VALUES(55, 15, 540);
INSERT INTO `edificiorecurso` (`codigoedifnivel`, `codigorecurso`, `cantidadrecurso`) VALUES(56, 6, 712);
INSERT INTO `edificiorecurso` (`codigoedifnivel`, `codigorecurso`, `cantidadrecurso`) VALUES(57, 6, 5823);
INSERT INTO `edificiorecurso` (`codigoedifnivel`, `codigorecurso`, `cantidadrecurso`) VALUES(57, 15, 1433);
INSERT INTO `edificiorecurso` (`codigoedifnivel`, `codigorecurso`, `cantidadrecurso`) VALUES(58, 6, 16048);
INSERT INTO `edificiorecurso` (`codigoedifnivel`, `codigorecurso`, `cantidadrecurso`) VALUES(58, 9, 3088);
INSERT INTO `edificiorecurso` (`codigoedifnivel`, `codigorecurso`, `cantidadrecurso`) VALUES(58, 15, 4546);
INSERT INTO `edificiorecurso` (`codigoedifnivel`, `codigorecurso`, `cantidadrecurso`) VALUES(59, 6, 36496);
INSERT INTO `edificiorecurso` (`codigoedifnivel`, `codigorecurso`, `cantidadrecurso`) VALUES(59, 9, 10300);
INSERT INTO `edificiorecurso` (`codigoedifnivel`, `codigorecurso`, `cantidadrecurso`) VALUES(59, 14, 10898);
INSERT INTO `edificiorecurso` (`codigoedifnivel`, `codigorecurso`, `cantidadrecurso`) VALUES(59, 15, 10770);
INSERT INTO `edificiorecurso` (`codigoedifnivel`, `codigorecurso`, `cantidadrecurso`) VALUES(60, 6, 77392);
INSERT INTO `edificiorecurso` (`codigoedifnivel`, `codigorecurso`, `cantidadrecurso`) VALUES(60, 9, 24725);
INSERT INTO `edificiorecurso` (`codigoedifnivel`, `codigorecurso`, `cantidadrecurso`) VALUES(60, 12, 21188);
INSERT INTO `edificiorecurso` (`codigoedifnivel`, `codigorecurso`, `cantidadrecurso`) VALUES(60, 14, 22110);
INSERT INTO `edificiorecurso` (`codigoedifnivel`, `codigorecurso`, `cantidadrecurso`) VALUES(60, 15, 23218);
INSERT INTO `edificiorecurso` (`codigoedifnivel`, `codigorecurso`, `cantidadrecurso`) VALUES(61, 6, 60);
INSERT INTO `edificiorecurso` (`codigoedifnivel`, `codigorecurso`, `cantidadrecurso`) VALUES(62, 6, 150);
INSERT INTO `edificiorecurso` (`codigoedifnivel`, `codigorecurso`, `cantidadrecurso`) VALUES(63, 6, 274);
INSERT INTO `edificiorecurso` (`codigoedifnivel`, `codigorecurso`, `cantidadrecurso`) VALUES(64, 6, 429);
INSERT INTO `edificiorecurso` (`codigoedifnivel`, `codigorecurso`, `cantidadrecurso`) VALUES(65, 6, 637);
INSERT INTO `edificiorecurso` (`codigoedifnivel`, `codigorecurso`, `cantidadrecurso`) VALUES(66, 6, 712);
INSERT INTO `edificiorecurso` (`codigoedifnivel`, `codigorecurso`, `cantidadrecurso`) VALUES(67, 6, 5823);
INSERT INTO `edificiorecurso` (`codigoedifnivel`, `codigorecurso`, `cantidadrecurso`) VALUES(67, 15, 1433);
INSERT INTO `edificiorecurso` (`codigoedifnivel`, `codigorecurso`, `cantidadrecurso`) VALUES(68, 6, 16048);
INSERT INTO `edificiorecurso` (`codigoedifnivel`, `codigorecurso`, `cantidadrecurso`) VALUES(68, 9, 3088);
INSERT INTO `edificiorecurso` (`codigoedifnivel`, `codigorecurso`, `cantidadrecurso`) VALUES(68, 15, 4546);
INSERT INTO `edificiorecurso` (`codigoedifnivel`, `codigorecurso`, `cantidadrecurso`) VALUES(69, 6, 36496);
INSERT INTO `edificiorecurso` (`codigoedifnivel`, `codigorecurso`, `cantidadrecurso`) VALUES(69, 9, 10300);
INSERT INTO `edificiorecurso` (`codigoedifnivel`, `codigorecurso`, `cantidadrecurso`) VALUES(69, 14, 10898);
INSERT INTO `edificiorecurso` (`codigoedifnivel`, `codigorecurso`, `cantidadrecurso`) VALUES(69, 15, 10770);
INSERT INTO `edificiorecurso` (`codigoedifnivel`, `codigorecurso`, `cantidadrecurso`) VALUES(70, 6, 77392);
INSERT INTO `edificiorecurso` (`codigoedifnivel`, `codigorecurso`, `cantidadrecurso`) VALUES(70, 9, 24725);
INSERT INTO `edificiorecurso` (`codigoedifnivel`, `codigorecurso`, `cantidadrecurso`) VALUES(70, 12, 21188);
INSERT INTO `edificiorecurso` (`codigoedifnivel`, `codigorecurso`, `cantidadrecurso`) VALUES(70, 14, 22110);
INSERT INTO `edificiorecurso` (`codigoedifnivel`, `codigorecurso`, `cantidadrecurso`) VALUES(70, 15, 23218);

--
-- Volcado de datos para la tabla `estadociudad`
--

INSERT INTO `estadociudad` (`codigoestado`, `estado`) VALUES(1, 'Normal');

--
-- Volcado de datos para la tabla `imagenes`
--

INSERT INTO `imagenes` (`codigoimagen`, `direccion`) VALUES(1, 'Academia');
INSERT INTO `imagenes` (`codigoimagen`, `direccion`) VALUES(2, 'Almacen');
INSERT INTO `imagenes` (`codigoimagen`, `direccion`) VALUES(30, 'Ariete');
INSERT INTO `imagenes` (`codigoimagen`, `direccion`) VALUES(39, 'Arquero');
INSERT INTO `imagenes` (`codigoimagen`, `direccion`) VALUES(3, 'Astillero de Guerra');
INSERT INTO `imagenes` (`codigoimagen`, `direccion`) VALUES(19, 'Azufre');
INSERT INTO `imagenes` (`codigoimagen`, `direccion`) VALUES(31, 'Catapulta');
INSERT INTO `imagenes` (`codigoimagen`, `direccion`) VALUES(16, 'Cristal');
INSERT INTO `imagenes` (`codigoimagen`, `direccion`) VALUES(4, 'Cuartel');
INSERT INTO `imagenes` (`codigoimagen`, `direccion`) VALUES(5, 'Deposito');
INSERT INTO `imagenes` (`codigoimagen`, `direccion`) VALUES(6, 'Embajada');
INSERT INTO `imagenes` (`codigoimagen`, `direccion`) VALUES(37, 'Espadachin');
INSERT INTO `imagenes` (`codigoimagen`, `direccion`) VALUES(28, 'Espartano');
INSERT INTO `imagenes` (`codigoimagen`, `direccion`) VALUES(40, 'Fusilero');
INSERT INTO `imagenes` (`codigoimagen`, `direccion`) VALUES(26, 'Gigante a Vapor');
INSERT INTO `imagenes` (`codigoimagen`, `direccion`) VALUES(45, 'Girocoptero');
INSERT INTO `imagenes` (`codigoimagen`, `direccion`) VALUES(46, 'Globo Bombardero');
INSERT INTO `imagenes` (`codigoimagen`, `direccion`) VALUES(29, 'Hondero');
INSERT INTO `imagenes` (`codigoimagen`, `direccion`) VALUES(27, 'Hoplita');
INSERT INTO `imagenes` (`codigoimagen`, `direccion`) VALUES(7, 'Intendencia');
INSERT INTO `imagenes` (`codigoimagen`, `direccion`) VALUES(38, 'Lancero');
INSERT INTO `imagenes` (`codigoimagen`, `direccion`) VALUES(14, 'Madera');
INSERT INTO `imagenes` (`codigoimagen`, `direccion`) VALUES(21, 'Marmol');
INSERT INTO `imagenes` (`codigoimagen`, `direccion`) VALUES(8, 'Mercado');
INSERT INTO `imagenes` (`codigoimagen`, `direccion`) VALUES(32, 'Mortero');
INSERT INTO `imagenes` (`codigoimagen`, `direccion`) VALUES(9, 'Palacio');
INSERT INTO `imagenes` (`codigoimagen`, `direccion`) VALUES(10, 'Puerto');
INSERT INTO `imagenes` (`codigoimagen`, `direccion`) VALUES(11, 'Residencia del Gobernador');
INSERT INTO `imagenes` (`codigoimagen`, `direccion`) VALUES(12, 'Taberna');
INSERT INTO `imagenes` (`codigoimagen`, `direccion`) VALUES(20, 'Vino');

--
-- Volcado de datos para la tabla `isla`
--

INSERT INTO `isla` (`codigoisla`, `nombre`, `coordenadax`, `coordenaday`, `codigoimagen`, `capacidadciudades`, `capacidaddisponible`) VALUES(50, 'Ares', 11, 11, 1, 16, 14);
INSERT INTO `isla` (`codigoisla`, `nombre`, `coordenadax`, `coordenaday`, `codigoimagen`, `capacidadciudades`, `capacidaddisponible`) VALUES(51, 'Enduos', 11, 22, 1, 15, 13);
INSERT INTO `isla` (`codigoisla`, `nombre`, `coordenadax`, `coordenaday`, `codigoimagen`, `capacidadciudades`, `capacidaddisponible`) VALUES(52, 'Zeuz', 11, 33, 1, 14, 12);
INSERT INTO `isla` (`codigoisla`, `nombre`, `coordenadax`, `coordenaday`, `codigoimagen`, `capacidadciudades`, `capacidaddisponible`) VALUES(53, 'Hades', 22, 11, 1, 16, 14);
INSERT INTO `isla` (`codigoisla`, `nombre`, `coordenadax`, `coordenaday`, `codigoimagen`, `capacidadciudades`, `capacidaddisponible`) VALUES(54, 'Marte', 22, 22, 1, 15, 12);
INSERT INTO `isla` (`codigoisla`, `nombre`, `coordenadax`, `coordenaday`, `codigoimagen`, `capacidadciudades`, `capacidaddisponible`) VALUES(55, 'Mercurio', 22, 33, 1, 14, 11);
INSERT INTO `isla` (`codigoisla`, `nombre`, `coordenadax`, `coordenaday`, `codigoimagen`, `capacidadciudades`, `capacidaddisponible`) VALUES(56, 'Saturno', 33, 11, 1, 16, 13);
INSERT INTO `isla` (`codigoisla`, `nombre`, `coordenadax`, `coordenaday`, `codigoimagen`, `capacidadciudades`, `capacidaddisponible`) VALUES(57, 'Urano', 33, 22, 1, 15, 12);
INSERT INTO `isla` (`codigoisla`, `nombre`, `coordenadax`, `coordenaday`, `codigoimagen`, `capacidadciudades`, `capacidaddisponible`) VALUES(58, 'Neptuno', 33, 33, 1, 14, 10);

--
-- Volcado de datos para la tabla `jugador`
--

INSERT INTO `jugador` (`codigojugador`, `nick`, `clave`, `oro`, `fechaingreso`, `horaingreso`, `puntostotales`, `protegido`, `vacaciones`) VALUES(6, 'Jonathan', '12344321', 2013, '0000-00-00', '18:54:51', 780000, 0, 0);
INSERT INTO `jugador` (`codigojugador`, `nick`, `clave`, `oro`, `fechaingreso`, `horaingreso`, `puntostotales`, `protegido`, `vacaciones`) VALUES(7, 'Martin', '12344321', 2014, '0000-00-00', '18:54:51', 500000, 0, 0);
INSERT INTO `jugador` (`codigojugador`, `nick`, `clave`, `oro`, `fechaingreso`, `horaingreso`, `puntostotales`, `protegido`, `vacaciones`) VALUES(8, 'Guillermo', '12344321', 2014, '0000-00-00', '18:54:51', 250000, 0, 0);
INSERT INTO `jugador` (`codigojugador`, `nick`, `clave`, `oro`, `fechaingreso`, `horaingreso`, `puntostotales`, `protegido`, `vacaciones`) VALUES(9, 'Lucas', '12344321', 2014, '0000-00-00', '18:54:51', 150000, 0, 0);
INSERT INTO `jugador` (`codigojugador`, `nick`, `clave`, `oro`, `fechaingreso`, `horaingreso`, `puntostotales`, `protegido`, `vacaciones`) VALUES(10, 'Marco', '12344321', 2014, '0000-00-00', '18:54:51', 100000, 0, 0);

--
-- Volcado de datos para la tabla `nivelciudad`
--

INSERT INTO `nivelciudad` (`nivel`, `capacidadhabitante`, `capacidadmilitarterrestre`, `capacidadmilitarnaval`, `impuestociudadano`, `codigoimagen`, `cantidadmaderamaxima`, `cantidadrecursomaxima`, `codigoimagenciudad`) VALUES(1, 500, 1000, 100, 5, 1, 250, 250, 1);
INSERT INTO `nivelciudad` (`nivel`, `capacidadhabitante`, `capacidadmilitarterrestre`, `capacidadmilitarnaval`, `impuestociudadano`, `codigoimagen`, `cantidadmaderamaxima`, `cantidadrecursomaxima`, `codigoimagenciudad`) VALUES(2, 750, 2000, 200, 5, 1, 375, 375, 1);
INSERT INTO `nivelciudad` (`nivel`, `capacidadhabitante`, `capacidadmilitarterrestre`, `capacidadmilitarnaval`, `impuestociudadano`, `codigoimagen`, `cantidadmaderamaxima`, `cantidadrecursomaxima`, `codigoimagenciudad`) VALUES(3, 1000, 3000, 300, 5, 1, 500, 500, 1);
INSERT INTO `nivelciudad` (`nivel`, `capacidadhabitante`, `capacidadmilitarterrestre`, `capacidadmilitarnaval`, `impuestociudadano`, `codigoimagen`, `cantidadmaderamaxima`, `cantidadrecursomaxima`, `codigoimagenciudad`) VALUES(4, 1250, 4000, 400, 5, 1, 625, 625, 1);
INSERT INTO `nivelciudad` (`nivel`, `capacidadhabitante`, `capacidadmilitarterrestre`, `capacidadmilitarnaval`, `impuestociudadano`, `codigoimagen`, `cantidadmaderamaxima`, `cantidadrecursomaxima`, `codigoimagenciudad`) VALUES(5, 1500, 5000, 500, 5, 1, 750, 750, 1);
INSERT INTO `nivelciudad` (`nivel`, `capacidadhabitante`, `capacidadmilitarterrestre`, `capacidadmilitarnaval`, `impuestociudadano`, `codigoimagen`, `cantidadmaderamaxima`, `cantidadrecursomaxima`, `codigoimagenciudad`) VALUES(6, 1750, 6000, 600, 5, 1, 875, 875, 1);
INSERT INTO `nivelciudad` (`nivel`, `capacidadhabitante`, `capacidadmilitarterrestre`, `capacidadmilitarnaval`, `impuestociudadano`, `codigoimagen`, `cantidadmaderamaxima`, `cantidadrecursomaxima`, `codigoimagenciudad`) VALUES(7, 2000, 7000, 700, 5, 1, 1000, 1000, 1);
INSERT INTO `nivelciudad` (`nivel`, `capacidadhabitante`, `capacidadmilitarterrestre`, `capacidadmilitarnaval`, `impuestociudadano`, `codigoimagen`, `cantidadmaderamaxima`, `cantidadrecursomaxima`, `codigoimagenciudad`) VALUES(8, 2250, 8000, 800, 5, 1, 1125, 1125, 1);
INSERT INTO `nivelciudad` (`nivel`, `capacidadhabitante`, `capacidadmilitarterrestre`, `capacidadmilitarnaval`, `impuestociudadano`, `codigoimagen`, `cantidadmaderamaxima`, `cantidadrecursomaxima`, `codigoimagenciudad`) VALUES(9, 2500, 9000, 900, 5, 1, 1250, 1250, 1);
INSERT INTO `nivelciudad` (`nivel`, `capacidadhabitante`, `capacidadmilitarterrestre`, `capacidadmilitarnaval`, `impuestociudadano`, `codigoimagen`, `cantidadmaderamaxima`, `cantidadrecursomaxima`, `codigoimagenciudad`) VALUES(10, 2750, 10000, 1000, 10, 1, 1375, 1375, 1);
INSERT INTO `nivelciudad` (`nivel`, `capacidadhabitante`, `capacidadmilitarterrestre`, `capacidadmilitarnaval`, `impuestociudadano`, `codigoimagen`, `cantidadmaderamaxima`, `cantidadrecursomaxima`, `codigoimagenciudad`) VALUES(11, 3000, 11000, 1100, 10, 11, 1500, 1500, 1);
INSERT INTO `nivelciudad` (`nivel`, `capacidadhabitante`, `capacidadmilitarterrestre`, `capacidadmilitarnaval`, `impuestociudadano`, `codigoimagen`, `cantidadmaderamaxima`, `cantidadrecursomaxima`, `codigoimagenciudad`) VALUES(12, 3250, 12000, 1200, 10, 1, 1625, 1625, 1);
INSERT INTO `nivelciudad` (`nivel`, `capacidadhabitante`, `capacidadmilitarterrestre`, `capacidadmilitarnaval`, `impuestociudadano`, `codigoimagen`, `cantidadmaderamaxima`, `cantidadrecursomaxima`, `codigoimagenciudad`) VALUES(13, 3500, 13000, 1300, 10, 1, 1750, 1750, 1);
INSERT INTO `nivelciudad` (`nivel`, `capacidadhabitante`, `capacidadmilitarterrestre`, `capacidadmilitarnaval`, `impuestociudadano`, `codigoimagen`, `cantidadmaderamaxima`, `cantidadrecursomaxima`, `codigoimagenciudad`) VALUES(14, 3750, 14000, 1400, 10, 1, 1875, 1875, 1);
INSERT INTO `nivelciudad` (`nivel`, `capacidadhabitante`, `capacidadmilitarterrestre`, `capacidadmilitarnaval`, `impuestociudadano`, `codigoimagen`, `cantidadmaderamaxima`, `cantidadrecursomaxima`, `codigoimagenciudad`) VALUES(15, 4000, 15000, 1500, 10, 1, 2000, 2000, 1);
INSERT INTO `nivelciudad` (`nivel`, `capacidadhabitante`, `capacidadmilitarterrestre`, `capacidadmilitarnaval`, `impuestociudadano`, `codigoimagen`, `cantidadmaderamaxima`, `cantidadrecursomaxima`, `codigoimagenciudad`) VALUES(16, 4250, 16000, 1600, 10, 11, 2125, 2125, 1);
INSERT INTO `nivelciudad` (`nivel`, `capacidadhabitante`, `capacidadmilitarterrestre`, `capacidadmilitarnaval`, `impuestociudadano`, `codigoimagen`, `cantidadmaderamaxima`, `cantidadrecursomaxima`, `codigoimagenciudad`) VALUES(17, 4500, 17000, 1700, 10, 1, 2250, 2250, 1);
INSERT INTO `nivelciudad` (`nivel`, `capacidadhabitante`, `capacidadmilitarterrestre`, `capacidadmilitarnaval`, `impuestociudadano`, `codigoimagen`, `cantidadmaderamaxima`, `cantidadrecursomaxima`, `codigoimagenciudad`) VALUES(18, 4750, 18000, 1800, 10, 1, 2375, 2375, 1);
INSERT INTO `nivelciudad` (`nivel`, `capacidadhabitante`, `capacidadmilitarterrestre`, `capacidadmilitarnaval`, `impuestociudadano`, `codigoimagen`, `cantidadmaderamaxima`, `cantidadrecursomaxima`, `codigoimagenciudad`) VALUES(19, 5000, 19000, 1900, 10, 11, 2500, 2500, 1);
INSERT INTO `nivelciudad` (`nivel`, `capacidadhabitante`, `capacidadmilitarterrestre`, `capacidadmilitarnaval`, `impuestociudadano`, `codigoimagen`, `cantidadmaderamaxima`, `cantidadrecursomaxima`, `codigoimagenciudad`) VALUES(20, 5250, 20000, 2000, 10, 1, 2625, 2625, 1);

--
-- Volcado de datos para la tabla `recurso`
--

INSERT INTO `recurso` (`codigorecurso`, `nombre`, `codigoimagen`) VALUES(6, 'Madera', 14);
INSERT INTO `recurso` (`codigorecurso`, `nombre`, `codigoimagen`) VALUES(9, 'Azufre', 16);
INSERT INTO `recurso` (`codigorecurso`, `nombre`, `codigoimagen`) VALUES(12, 'Cristal', 16);
INSERT INTO `recurso` (`codigorecurso`, `nombre`, `codigoimagen`) VALUES(14, 'Vino', 20);
INSERT INTO `recurso` (`codigorecurso`, `nombre`, `codigoimagen`) VALUES(15, 'Marmol', 21);

--
-- Volcado de datos para la tabla `unidadmilitar`
--

INSERT INTO `unidadmilitar` (`codigounidad`, `nombre`, `descripcion`, `codigoimagen`, `costo`, `puntosdefensivos`, `puntosataque`, `barco`, `nivelnecesario`, `carga`) VALUES(20, 'Gigante a Vapor', 'nose', 31, 2, 3, 42, 0, 14, 10);
INSERT INTO `unidadmilitar` (`codigounidad`, `nombre`, `descripcion`, `codigoimagen`, `costo`, `puntosdefensivos`, `puntosataque`, `barco`, `nivelnecesario`, `carga`) VALUES(21, 'Hoplita', '', 31, 1, 1, 18, 0, 1, 15);
INSERT INTO `unidadmilitar` (`codigounidad`, `nombre`, `descripcion`, `codigoimagen`, `costo`, `puntosdefensivos`, `puntosataque`, `barco`, `nivelnecesario`, `carga`) VALUES(22, 'Espartano', '', 31, 1, 6, 28, 0, 2, 10);
INSERT INTO `unidadmilitar` (`codigounidad`, `nombre`, `descripcion`, `codigoimagen`, `costo`, `puntosdefensivos`, `puntosataque`, `barco`, `nivelnecesario`, `carga`) VALUES(23, 'Espadachin', '', 31, 1, 0, 10, 0, 3, 15);
INSERT INTO `unidadmilitar` (`codigounidad`, `nombre`, `descripcion`, `codigoimagen`, `costo`, `puntosdefensivos`, `puntosataque`, `barco`, `nivelnecesario`, `carga`) VALUES(24, 'Lancero', '', 31, 1, 0, 4, 0, 1, 10);
INSERT INTO `unidadmilitar` (`codigounidad`, `nombre`, `descripcion`, `codigoimagen`, `costo`, `puntosdefensivos`, `puntosataque`, `barco`, `nivelnecesario`, `carga`) VALUES(25, 'Arquero', '', 31, 1, 0, 5, 0, 4, 15);
INSERT INTO `unidadmilitar` (`codigounidad`, `nombre`, `descripcion`, `codigoimagen`, `costo`, `puntosdefensivos`, `puntosataque`, `barco`, `nivelnecesario`, `carga`) VALUES(26, 'Fusilero', '', 31, 1, 0, 15, 0, 5, 15);
INSERT INTO `unidadmilitar` (`codigounidad`, `nombre`, `descripcion`, `codigoimagen`, `costo`, `puntosdefensivos`, `puntosataque`, `barco`, `nivelnecesario`, `carga`) VALUES(27, 'Hondero', '', 31, 1, 0, 3, 0, 6, 15);
INSERT INTO `unidadmilitar` (`codigounidad`, `nombre`, `descripcion`, `codigoimagen`, `costo`, `puntosdefensivos`, `puntosataque`, `barco`, `nivelnecesario`, `carga`) VALUES(28, 'Ariete', '', 31, 5, 1, 45, 0, 7, 10);
INSERT INTO `unidadmilitar` (`codigounidad`, `nombre`, `descripcion`, `codigoimagen`, `costo`, `puntosdefensivos`, `puntosataque`, `barco`, `nivelnecesario`, `carga`) VALUES(29, 'Catapulta', '', 31, 5, 0, 70, 0, 8, 15);
INSERT INTO `unidadmilitar` (`codigounidad`, `nombre`, `descripcion`, `codigoimagen`, `costo`, `puntosdefensivos`, `puntosataque`, `barco`, `nivelnecesario`, `carga`) VALUES(30, 'Mortero', '', 31, 5, 0, 140, 0, 9, 15);
INSERT INTO `unidadmilitar` (`codigounidad`, `nombre`, `descripcion`, `codigoimagen`, `costo`, `puntosdefensivos`, `puntosataque`, `barco`, `nivelnecesario`, `carga`) VALUES(31, 'Girocoptero', '', 31, 3, 0, 17, 0, 11, 15);
INSERT INTO `unidadmilitar` (`codigounidad`, `nombre`, `descripcion`, `codigoimagen`, `costo`, `puntosdefensivos`, `puntosataque`, `barco`, `nivelnecesario`, `carga`) VALUES(32, 'Globo Bombardero', '', 31, 5, 0, 48, 0, 17, 15);

--
-- Volcado de datos para la tabla `unidadmilitarconstruccion`
--

INSERT INTO `unidadmilitarconstruccion` (`codigounidad`, `codigorecurso`, `cantidad`) VALUES(20, 6, 130);
INSERT INTO `unidadmilitarconstruccion` (`codigounidad`, `codigorecurso`, `cantidad`) VALUES(20, 9, 180);
INSERT INTO `unidadmilitarconstruccion` (`codigounidad`, `codigorecurso`, `cantidad`) VALUES(21, 6, 40);
INSERT INTO `unidadmilitarconstruccion` (`codigounidad`, `codigorecurso`, `cantidad`) VALUES(21, 9, 30);
INSERT INTO `unidadmilitarconstruccion` (`codigounidad`, `codigorecurso`, `cantidad`) VALUES(22, 6, 40);
INSERT INTO `unidadmilitarconstruccion` (`codigounidad`, `codigorecurso`, `cantidad`) VALUES(22, 9, 40);
INSERT INTO `unidadmilitarconstruccion` (`codigounidad`, `codigorecurso`, `cantidad`) VALUES(23, 6, 30);
INSERT INTO `unidadmilitarconstruccion` (`codigounidad`, `codigorecurso`, `cantidad`) VALUES(23, 9, 30);
INSERT INTO `unidadmilitarconstruccion` (`codigounidad`, `codigorecurso`, `cantidad`) VALUES(24, 6, 30);
INSERT INTO `unidadmilitarconstruccion` (`codigounidad`, `codigorecurso`, `cantidad`) VALUES(25, 6, 30);
INSERT INTO `unidadmilitarconstruccion` (`codigounidad`, `codigorecurso`, `cantidad`) VALUES(25, 9, 25);
INSERT INTO `unidadmilitarconstruccion` (`codigounidad`, `codigorecurso`, `cantidad`) VALUES(26, 6, 50);
INSERT INTO `unidadmilitarconstruccion` (`codigounidad`, `codigorecurso`, `cantidad`) VALUES(26, 9, 150);
INSERT INTO `unidadmilitarconstruccion` (`codigounidad`, `codigorecurso`, `cantidad`) VALUES(27, 6, 20);
INSERT INTO `unidadmilitarconstruccion` (`codigounidad`, `codigorecurso`, `cantidad`) VALUES(28, 6, 220);
INSERT INTO `unidadmilitarconstruccion` (`codigounidad`, `codigorecurso`, `cantidad`) VALUES(29, 6, 260);
INSERT INTO `unidadmilitarconstruccion` (`codigounidad`, `codigorecurso`, `cantidad`) VALUES(29, 9, 300);
INSERT INTO `unidadmilitarconstruccion` (`codigounidad`, `codigorecurso`, `cantidad`) VALUES(30, 6, 300);
INSERT INTO `unidadmilitarconstruccion` (`codigounidad`, `codigorecurso`, `cantidad`) VALUES(30, 9, 1250);
INSERT INTO `unidadmilitarconstruccion` (`codigounidad`, `codigorecurso`, `cantidad`) VALUES(31, 6, 25);
INSERT INTO `unidadmilitarconstruccion` (`codigounidad`, `codigorecurso`, `cantidad`) VALUES(31, 9, 100);
INSERT INTO `unidadmilitarconstruccion` (`codigounidad`, `codigorecurso`, `cantidad`) VALUES(32, 6, 40);
INSERT INTO `unidadmilitarconstruccion` (`codigounidad`, `codigorecurso`, `cantidad`) VALUES(32, 9, 250);

/*!40101 SET CHARACTER_SET_CLIENT=@OLD_CHARACTER_SET_CLIENT */;
/*!40101 SET CHARACTER_SET_RESULTS=@OLD_CHARACTER_SET_RESULTS */;
/*!40101 SET COLLATION_CONNECTION=@OLD_COLLATION_CONNECTION */;
